,Barbecued Chicken,Red Peppers,Green Peppers,Tomatoes,Red Onions,Barbecue Sauce,Chicken,Artichoke,Spinach,Garlic,Jalapeno Peppers,Fontina Cheese,Gouda Cheese,Mushrooms,Asiago Cheese,Alfredo Sauce,Pesto Sauce,Corn,Cilantro,Chipotle Sauce,Pineapple,Thai Sweet Chilli Sauce,Bacon,Pepperoni,Italian Sausage,Chorizo Sausage,Sliced Ham,Mozzarella Cheese,Capocollo,Goat Cheese,Oregano,Anchovies,Green Olives,Kalamata Olives,Feta Cheese,Beef Chuck Roast,Brie Carre Cheese,Prosciutto,Caramelized Onions,Pears,Thyme,Â‘Nduja Salami,Pancetta,Friggitello Peppers,Calabrese Salami,Genoa Salami,Prosciutto di San Daniele,Arugula,Coarse Sicilian Salami,Luganega Sausage,Onions,Soppressata Salami,Artichokes,Peperoncini verdi,Provolone Cheese,Smoked Gouda Cheese,Romano Cheese,Blue Cheese,Ricotta Cheese,Gorgonzola Piccante Cheese,Parmigiano Reggiano Cheese,Eggplant,Zucchini,Sun-dried Tomatoes,Plum Tomatoes
week 1,93.0440251572327,570.5408805031446,180.51572327044025,961.503144654088,684.9685534591194,93.0440251572327,300.85534591194966,75.51572327044026,307.9622641509434,973.8490566037735,209.9811320754717,101.25157232704403,75.51572327044026,267.0880503144654,104.03144654088051,24.440251572327043,90.44654088050315,134.46540880503144,134.46540880503144,134.46540880503144,153.49056603773585,89.29559748427674,94.55974842767296,290.72327044025155,29.19496855345912,29.19496855345912,64.19496855345912,358.87421383647796,249.59119496855342,119.35849056603774,49.314465408805034,56.32704402515723,216.15094339622644,108.42767295597484,147.76100628930817,55.71069182389937,5.314465408805032,5.314465408805032,5.314465408805032,5.314465408805032,5.314465408805032,29.61006289308176,29.61006289308176,29.61006289308176,75.38364779874213,54.84905660377359,42.528301886792455,42.528301886792455,64.44025157232704,64.44025157232704,64.44025157232704,25.735849056603772,181.04402515723268,70.0440251572327,72.60377358490565,72.60377358490565,72.60377358490565,72.60377358490565,70.88050314465409,70.88050314465409,70.88050314465409,28.62264150943396,82.45283018867924,57.63522012578616,27.9748427672956
week 2,92.71069182389937,645.2075471698113,204.1823899371069,1091.1698113207547,788.9685534591194,92.71069182389937,350.188679245283,100.18238993710692,394.2955974842767,1201.1823899371068,234.9811320754717,138.58490566037736,100.18238993710692,367.4213836477987,149.69811320754718,44.10691823899371,117.77987421383648,134.7987421383648,134.7987421383648,134.7987421383648,186.49056603773587,99.9622641509434,117.89308176100629,369.05660377358487,34.528301886792455,34.528301886792455,86.52830188679245,473.2075471698113,280.92452830188677,128.6918238993711,45.9811320754717,64.66037735849056,250.15094339622644,138.0943396226415,194.0943396226415,69.37735849056604,9.981132075471699,9.981132075471699,9.981132075471699,9.981132075471699,9.981132075471699,32.276729559748425,32.276729559748425,32.276729559748425,80.71698113207547,71.51572327044026,63.19496855345912,63.19496855345912,73.10691823899371,73.10691823899371,73.10691823899371,38.40251572327044,227.04402515723268,82.71069182389937,87.60377358490565,87.60377358490565,87.60377358490565,87.60377358490565,103.54716981132076,103.54716981132076,103.54716981132076,42.289308176100626,102.11949685534591,67.96855345911949,34.64150943396226
week 3,112.0440251572327,657.2075471698113,214.84905660377356,1114.8364779874214,801.3018867924528,112.0440251572327,340.85534591194966,91.51572327044026,353.62893081761007,1155.8490566037735,237.31446540880503,122.25157232704403,91.51572327044026,317.42138364779873,126.69811320754718,33.10691823899371,104.44654088050315,145.7987421383648,145.7987421383648,145.7987421383648,174.8238993710692,100.62893081761007,105.22641509433963,339.38993710691824,31.19496855345912,31.19496855345912,74.19496855345912,426.2075471698113,276.2578616352201,138.0251572327044,57.64779874213837,72.99371069182389,244.8176100628931,133.42767295597483,182.42767295597483,74.0440251572327,8.314465408805033,8.314465408805033,8.314465408805033,8.314465408805033,8.314465408805033,41.61006289308176,41.61006289308176,41.61006289308176,72.38364779874213,65.84905660377359,56.19496855345912,56.19496855345912,78.77358490566037,78.77358490566037,78.77358490566037,30.735849056603772,208.37735849056602,80.37735849056604,76.60377358490565,76.60377358490565,76.60377358490565,76.60377358490565,90.88050314465409,90.88050314465409,90.88050314465409,38.289308176100626,98.11949685534591,61.9685534591195,31.641509433962266
week 4,108.71069182389937,677.2075471698113,229.84905660377356,1126.5031446540881,819.6352201257861,108.71069182389937,354.85534591194966,102.84905660377359,395.62893081761007,1228.5157232704403,237.9811320754717,143.25157232704404,102.84905660377359,370.08805031446536,140.36477987421384,39.10691823899371,112.77987421383648,135.13207547169813,135.13207547169813,135.13207547169813,195.8238993710692,101.9622641509434,118.55974842767296,366.38993710691824,35.19496855345912,35.19496855345912,93.86163522012578,488.5408805031446,302.2578616352201,149.35849056603774,65.9811320754717,60.660377358490564,236.48427672955975,142.42767295597483,193.42767295597483,77.0440251572327,11.314465408805033,11.314465408805033,11.314465408805033,11.314465408805033,11.314465408805033,37.61006289308176,37.61006289308176,37.61006289308176,86.71698113207547,66.18238993710692,66.19496855345912,66.19496855345912,62.77358490566038,62.77358490566038,62.77358490566038,40.40251572327044,222.37735849056602,83.37735849056604,94.60377358490565,94.60377358490565,94.60377358490565,94.60377358490565,101.88050314465409,101.88050314465409,101.88050314465409,37.62264150943396,103.78616352201259,66.30188679245283,30.30817610062893
week 5,121.71069182389937,694.5408805031446,232.51572327044025,1136.5031446540881,814.6352201257861,121.71069182389937,343.52201257861634,92.84905660377359,364.62893081761007,1192.8490566037735,243.31446540880503,129.25157232704404,92.84905660377359,334.75471698113205,127.69811320754718,41.10691823899371,117.11320754716981,150.46540880503144,150.46540880503144,150.46540880503144,170.1572327044025,95.62893081761007,105.55974842767296,332.05660377358487,29.528301886792452,29.528301886792452,74.52830188679245,444.87421383647796,275.59119496855345,152.6918238993711,63.314465408805034,59.9937106918239,231.48427672955975,149.76100628930817,185.42767295597483,84.0440251572327,10.314465408805033,10.314465408805033,10.314465408805033,10.314465408805033,10.314465408805033,34.61006289308176,34.61006289308176,34.61006289308176,71.0503144654088,51.84905660377359,60.19496855345912,60.19496855345912,77.77358490566037,77.77358490566037,77.77358490566037,36.40251572327044,231.71069182389934,89.37735849056604,75.60377358490565,75.60377358490565,75.60377358490565,75.60377358490565,106.88050314465409,106.88050314465409,106.88050314465409,43.62264150943397,105.78616352201259,63.9685534591195,30.9748427672956
week 6,108.37735849056604,714.5408805031446,229.1823899371069,1149.8364779874214,832.6352201257861,108.37735849056604,381.52201257861634,98.51572327044026,408.2955974842767,1189.5157232704403,243.9811320754717,133.58490566037736,98.51572327044026,365.4213836477987,127.69811320754718,36.44025157232704,117.11320754716981,145.46540880503144,145.46540880503144,145.46540880503144,212.8238993710692,110.9622641509434,122.89308176100629,353.72327044025155,34.861635220125784,34.861635220125784,101.86163522012578,469.2075471698113,292.2578616352201,149.0251572327044,70.31446540880503,52.32704402515723,232.15094339622644,146.42767295597483,199.76100628930817,77.37735849056604,11.981132075471699,11.981132075471699,11.981132075471699,11.981132075471699,11.981132075471699,45.61006289308176,45.61006289308176,45.61006289308176,83.71698113207547,59.515723270440255,62.861635220125784,62.861635220125784,64.77358490566037,64.77358490566037,64.77358490566037,35.069182389937104,216.37735849056602,78.71069182389937,78.60377358490565,78.60377358490565,78.60377358490565,78.60377358490565,99.54716981132076,99.54716981132076,99.54716981132076,33.9559748427673,106.45283018867924,71.96855345911949,37.308176100628934
week 7,107.37735849056604,695.8742138364779,231.51572327044025,1163.1698113207547,808.3018867924528,107.37735849056604,369.52201257861634,101.84905660377359,400.9622641509434,1214.5157232704403,252.9811320754717,139.9182389937107,101.84905660377359,353.75471698113205,140.03144654088052,39.10691823899371,122.11320754716981,151.13207547169813,151.13207547169813,151.13207547169813,180.8238993710692,99.62893081761007,108.89308176100629,366.05660377358487,32.19496855345912,32.19496855345912,81.19496855345912,453.2075471698113,286.2578616352201,156.0251572327044,68.31446540880503,54.660377358490564,241.15094339622644,161.0943396226415,192.0943396226415,83.37735849056604,8.647798742138365,8.647798742138365,8.647798742138365,8.647798742138365,8.647798742138365,35.276729559748425,35.276729559748425,35.276729559748425,74.0503144654088,56.182389937106926,51.528301886792455,51.528301886792455,79.44025157232704,79.44025157232704,79.44025157232704,38.069182389937104,242.71069182389934,87.71069182389937,81.60377358490565,81.60377358490565,81.60377358490565,81.60377358490565,102.54716981132076,102.54716981132076,102.54716981132076,42.62264150943396,108.78616352201259,67.63522012578616,32.9748427672956
week 8,93.37735849056604,668.2075471698113,197.84905660377356,1061.1698113207547,771.9685534591194,93.37735849056604,365.85534591194966,91.51572327044026,360.2955974842767,1074.1823899371068,244.9811320754717,128.25157232704404,91.51572327044026,328.0880503144654,119.36477987421385,37.10691823899371,106.44654088050315,153.46540880503144,153.46540880503144,153.46540880503144,200.8238993710692,103.29559748427674,109.55974842767296,317.38993710691824,31.19496855345912,31.19496855345912,97.52830188679245,427.2075471698113,262.2578616352201,127.69182389937107,59.314465408805034,56.32704402515723,231.8176100628931,131.76100628930817,175.76100628930817,63.0440251572327,9.981132075471699,9.981132075471699,9.981132075471699,9.981132075471699,9.981132075471699,37.276729559748425,37.276729559748425,37.276729559748425,79.71698113207547,54.84905660377359,57.19496855345912,57.19496855345912,66.44025157232704,66.44025157232704,66.44025157232704,36.735849056603776,203.04402515723268,68.37735849056604,65.60377358490565,65.60377358490565,65.60377358490565,65.60377358490565,86.54716981132076,86.54716981132076,86.54716981132076,40.289308176100626,102.78616352201259,66.96855345911949,41.308176100628934
week 9,103.37735849056604,729.2075471698113,224.1823899371069,1170.1698113207547,817.6352201257861,103.37735849056604,398.52201257861634,102.51572327044026,413.9622641509434,1223.1823899371068,263.9811320754717,136.9182389937107,102.51572327044026,373.75471698113205,146.03144654088052,41.10691823899371,119.11320754716981,161.46540880503144,161.46540880503144,161.46540880503144,204.49056603773587,118.9622641509434,122.22641509433963,373.05660377358487,38.528301886792455,38.528301886792455,85.52830188679245,463.5408805031446,297.2578616352201,156.0251572327044,76.31446540880503,50.9937106918239,235.15094339622644,143.76100628930817,197.42767295597483,70.37735849056604,8.647798742138365,8.647798742138365,8.647798742138365,8.647798742138365,8.647798742138365,38.276729559748425,38.276729559748425,38.276729559748425,76.38364779874213,64.84905660377359,53.19496855345912,53.19496855345912,70.10691823899371,70.10691823899371,70.10691823899371,34.40251572327044,227.71069182389934,79.71069182389937,86.60377358490565,86.60377358490565,86.60377358490565,86.60377358490565,116.21383647798741,116.21383647798741,116.21383647798741,37.289308176100626,99.78616352201259,70.63522012578616,33.308176100628934
week 10,93.71069182389937,638.8742138364779,203.84905660377356,1069.1698113207547,779.9685534591194,93.71069182389937,334.188679245283,84.51572327044026,346.62893081761007,1119.8490566037735,229.64779874213835,122.58490566037737,84.51572327044026,345.75471698113205,134.69811320754718,41.44025157232704,97.77987421383648,145.13207547169813,145.13207547169813,145.13207547169813,184.15723270440253,92.9622641509434,109.55974842767296,325.72327044025155,32.19496855345912,32.19496855345912,91.1949685534591,426.5408805031446,287.2578616352201,144.0251572327044,61.64779874213837,60.9937106918239,236.8176100628931,136.0943396226415,182.76100628930817,74.0440251572327,9.314465408805033,9.314465408805033,9.314465408805033,9.314465408805033,9.314465408805033,30.943396226415093,30.943396226415093,30.943396226415093,82.0503144654088,61.182389937106926,57.19496855345912,57.19496855345912,66.77358490566037,66.77358490566037,66.77358490566037,38.069182389937104,213.04402515723268,82.37735849056604,68.60377358490565,68.60377358490565,68.60377358490565,68.60377358490565,98.21383647798741,98.21383647798741,98.21383647798741,36.9559748427673,97.45283018867924,61.63522012578616,29.9748427672956
week 11,101.37735849056604,731.8742138364779,199.84905660377356,1132.8364779874214,804.6352201257861,101.37735849056604,396.188679245283,95.18238993710692,388.9622641509434,1191.5157232704403,268.9811320754717,131.9182389937107,95.18238993710692,360.4213836477987,139.69811320754718,47.77358490566038,122.77987421383648,173.7987421383648,173.7987421383648,173.7987421383648,201.15723270440253,114.62893081761007,123.55974842767296,339.72327044025155,33.861635220125784,33.861635220125784,86.52830188679245,455.87421383647796,295.59119496855345,157.35849056603774,71.9811320754717,41.9937106918239,219.8176100628931,129.76100628930817,188.0943396226415,64.37735849056604,9.981132075471699,9.981132075471699,9.981132075471699,9.981132075471699,9.981132075471699,33.276729559748425,33.276729559748425,33.276729559748425,75.71698113207547,62.515723270440255,53.19496855345912,53.19496855345912,72.10691823899371,72.10691823899371,72.10691823899371,36.735849056603776,230.04402515723268,85.37735849056604,86.60377358490565,86.60377358490565,86.60377358490565,86.60377358490565,113.54716981132076,113.54716981132076,113.54716981132076,35.62264150943396,89.11949685534591,79.63522012578616,35.9748427672956
week 12,116.37735849056604,685.5408805031446,230.1823899371069,1157.5031446540881,848.6352201257861,116.37735849056604,361.85534591194966,96.51572327044026,386.62893081761007,1222.1823899371068,236.31446540880503,142.25157232704404,96.51572327044026,379.08805031446536,147.69811320754718,50.77358490566038,106.44654088050315,139.7987421383648,139.7987421383648,139.7987421383648,192.8238993710692,100.62893081761007,119.22641509433963,349.38993710691824,36.861635220125784,36.861635220125784,92.1949685534591,460.2075471698113,312.2578616352201,164.35849056603774,65.64779874213836,66.32704402515724,250.15094339622644,158.0943396226415,211.42767295597483,87.0440251572327,9.647798742138365,9.647798742138365,9.647798742138365,9.647798742138365,9.647798742138365,35.61006289308176,35.61006289308176,35.61006289308176,84.0503144654088,63.84905660377359,58.528301886792455,58.528301886792455,68.44025157232704,68.44025157232704,68.44025157232704,45.735849056603776,240.37735849056602,98.71069182389937,81.60377358490565,81.60377358490565,81.60377358490565,81.60377358490565,102.54716981132076,102.54716981132076,102.54716981132076,33.9559748427673,94.11949685534591,74.63522012578616,37.9748427672956
week 13,101.0440251572327,713.8742138364779,195.51572327044025,1143.8364779874214,823.3018867924528,101.0440251572327,384.52201257861634,96.51572327044026,372.9622641509434,1183.1823899371068,262.314465408805,137.9182389937107,96.51572327044026,354.4213836477987,148.69811320754718,46.77358490566038,110.44654088050315,165.7987421383648,165.7987421383648,165.7987421383648,194.49056603773587,110.62893081761007,118.89308176100629,351.05660377358487,28.861635220125788,28.861635220125788,83.86163522012579,431.87421383647796,307.92452830188677,159.35849056603774,74.64779874213836,54.9937106918239,232.15094339622644,148.76100628930817,199.0943396226415,78.0440251572327,7.647798742138366,7.647798742138366,7.647798742138366,7.647798742138366,7.647798742138366,35.943396226415096,35.943396226415096,35.943396226415096,78.0503144654088,70.51572327044026,52.861635220125784,52.861635220125784,70.77358490566037,70.77358490566037,70.77358490566037,41.40251572327044,224.37735849056602,84.71069182389937,80.60377358490565,80.60377358490565,80.60377358490565,80.60377358490565,88.88050314465409,88.88050314465409,88.88050314465409,34.9559748427673,83.45283018867924,73.30188679245283,39.308176100628934
week 14,119.71069182389937,725.2075471698113,233.51572327044025,1199.1698113207547,898.6352201257861,119.71069182389937,380.188679245283,104.18238993710692,409.62893081761007,1249.8490566037735,266.6477987421384,151.58490566037736,104.18238993710692,377.08805031446536,156.36477987421384,46.44025157232704,103.44654088050315,162.46540880503144,162.46540880503144,162.46540880503144,191.49056603773587,101.9622641509434,121.22641509433963,361.05660377358487,32.19496855345912,32.19496855345912,89.52830188679245,448.5408805031446,312.2578616352201,160.6918238993711,67.31446540880503,60.32704402515723,238.15094339622644,180.0943396226415,221.0943396226415,94.37735849056604,8.647798742138365,8.647798742138365,8.647798742138365,8.647798742138365,8.647798742138365,40.276729559748425,40.276729559748425,40.276729559748425,81.0503144654088,70.51572327044026,47.19496855345912,47.19496855345912,67.44025157232704,67.44025157232704,67.44025157232704,47.40251572327045,244.71069182389934,93.37735849056604,86.60377358490565,86.60377358490565,86.60377358490565,86.60377358490565,93.54716981132076,93.54716981132076,93.54716981132076,32.289308176100626,100.45283018867924,79.63522012578616,46.308176100628934
week 15,110.37735849056604,719.5408805031446,221.84905660377356,1181.1698113207547,847.6352201257861,110.37735849056604,373.188679245283,91.84905660377359,376.9622641509434,1203.5157232704403,251.9811320754717,136.58490566037736,91.84905660377359,362.75471698113205,136.36477987421384,34.77358490566038,109.44654088050315,160.13207547169813,160.13207547169813,160.13207547169813,194.15723270440253,113.9622641509434,124.22641509433963,366.38993710691824,35.528301886792455,35.528301886792455,80.19496855345912,442.2075471698113,312.92452830188677,153.35849056603774,69.64779874213836,59.660377358490564,253.48427672955975,159.0943396226415,207.42767295597483,84.71069182389937,5.647798742138366,5.647798742138366,5.647798742138366,5.647798742138366,5.647798742138366,38.276729559748425,38.276729559748425,38.276729559748425,92.71698113207547,66.84905660377359,56.861635220125784,56.861635220125784,66.10691823899371,66.10691823899371,66.10691823899371,44.735849056603776,219.04402515723268,83.71069182389937,81.60377358490565,81.60377358490565,81.60377358490565,81.60377358490565,93.88050314465409,93.88050314465409,93.88050314465409,37.62264150943396,93.45283018867924,62.9685534591195,39.64150943396226
week 16,116.71069182389937,712.2075471698113,230.84905660377356,1162.1698113207547,874.6352201257861,116.71069182389937,355.85534591194966,91.51572327044026,389.2955974842767,1195.8490566037735,255.31446540880503,127.58490566037737,91.51572327044026,361.75471698113205,145.03144654088052,37.10691823899371,108.44654088050315,163.7987421383648,163.7987421383648,163.7987421383648,180.49056603773587,91.9622641509434,120.89308176100629,354.38993710691824,28.861635220125788,28.861635220125788,88.52830188679245,423.2075471698113,297.59119496855345,143.6918238993711,66.31446540880503,54.660377358490564,234.48427672955975,159.0943396226415,202.42767295597483,86.37735849056604,8.314465408805033,8.314465408805033,8.314465408805033,8.314465408805033,8.314465408805033,38.943396226415096,38.943396226415096,38.943396226415096,85.0503144654088,68.84905660377359,46.861635220125784,46.861635220125784,69.77358490566037,69.77358490566037,69.77358490566037,36.069182389937104,219.71069182389934,77.37735849056604,75.60377358490565,75.60377358490565,75.60377358490565,75.60377358490565,94.88050314465409,94.88050314465409,94.88050314465409,35.62264150943396,105.45283018867924,67.63522012578616,33.64150943396226
week 17,102.37735849056604,657.2075471698113,214.51572327044025,1102.1698113207547,781.3018867924528,102.37735849056604,347.85534591194966,98.18238993710692,382.62893081761007,1170.8490566037735,239.9811320754717,145.25157232704404,98.18238993710692,356.08805031446536,125.69811320754718,33.44025157232704,122.77987421383648,141.7987421383648,141.7987421383648,141.7987421383648,187.15723270440253,95.9622641509434,123.22641509433963,360.72327044025155,37.861635220125784,37.861635220125784,91.1949685534591,453.2075471698113,299.59119496855345,150.6918238993711,56.9811320754717,52.32704402515723,234.15094339622644,139.0943396226415,183.42767295597483,71.71069182389937,7.647798742138366,7.647798742138366,7.647798742138366,7.647798742138366,7.647798742138366,33.276729559748425,33.276729559748425,33.276729559748425,90.38364779874213,58.515723270440255,47.528301886792455,47.528301886792455,59.44025157232704,59.44025157232704,59.44025157232704,47.06918238993711,240.71069182389934,93.71069182389937,77.60377358490565,77.60377358490565,77.60377358490565,77.60377358490565,99.54716981132076,99.54716981132076,99.54716981132076,40.9559748427673,98.11949685534591,72.30188679245283,33.64150943396226
week 18,108.71069182389937,673.2075471698113,208.51572327044025,1125.1698113207547,805.6352201257861,108.71069182389937,358.52201257861634,99.51572327044026,379.9622641509434,1200.8490566037735,243.64779874213835,145.9182389937107,99.51572327044026,351.75471698113205,131.69811320754718,39.10691823899371,116.77987421383648,144.13207547169813,144.13207547169813,144.13207547169813,202.15723270440253,97.29559748427674,119.55974842767296,359.05660377358487,37.19496855345912,37.19496855345912,104.86163522012578,489.2075471698113,297.2578616352201,154.35849056603774,70.64779874213836,48.660377358490564,228.15094339622644,144.76100628930817,198.76100628930817,83.37735849056604,9.981132075471699,9.981132075471699,9.981132075471699,9.981132075471699,9.981132075471699,43.61006289308176,43.61006289308176,43.61006289308176,80.38364779874213,62.515723270440255,54.528301886792455,54.528301886792455,72.77358490566037,72.77358490566037,72.77358490566037,46.40251572327045,225.04402515723268,83.71069182389937,78.60377358490565,78.60377358490565,78.60377358490565,78.60377358490565,101.54716981132076,101.54716981132076,101.54716981132076,37.9559748427673,94.11949685534591,73.30188679245283,31.30817610062893
week 19,109.71069182389937,650.5408805031446,215.84905660377356,1072.1698113207547,789.6352201257861,109.71069182389937,345.52201257861634,98.51572327044026,383.2955974842767,1139.5157232704403,235.64779874213835,132.25157232704404,98.51572327044026,354.08805031446536,129.69811320754718,36.10691823899371,108.11320754716981,137.13207547169813,137.13207547169813,137.13207547169813,186.49056603773587,97.29559748427674,128.22641509433961,367.05660377358487,35.528301886792455,35.528301886792455,89.1949685534591,439.87421383647796,295.92452830188677,154.35849056603774,54.64779874213837,52.32704402515723,220.48427672955975,125.76100628930817,175.42767295597483,59.0440251572327,10.981132075471699,10.981132075471699,10.981132075471699,10.981132075471699,10.981132075471699,36.276729559748425,36.276729559748425,36.276729559748425,83.71698113207547,57.84905660377359,46.19496855345912,46.19496855345912,58.77358490566038,58.77358490566038,58.77358490566038,33.735849056603776,239.37735849056602,99.71069182389937,72.60377358490565,72.60377358490565,72.60377358490565,72.60377358490565,102.88050314465409,102.88050314465409,102.88050314465409,31.62264150943396,87.78616352201259,72.30188679245283,30.9748427672956
week 20,103.0440251572327,646.5408805031446,198.1823899371069,1127.1698113207547,801.9685534591194,103.0440251572327,356.85534591194966,104.51572327044026,389.62893081761007,1230.1823899371068,241.64779874213835,159.9182389937107,104.51572327044026,357.08805031446536,126.69811320754718,37.77358490566038,115.44654088050315,137.13207547169813,137.13207547169813,137.13207547169813,199.15723270440253,97.62893081761007,122.22641509433963,356.05660377358487,41.861635220125784,41.861635220125784,101.52830188679245,509.5408805031446,295.92452830188677,154.0251572327044,64.64779874213836,47.9937106918239,238.8176100628931,162.0943396226415,221.76100628930817,93.71069182389937,8.981132075471699,8.981132075471699,8.981132075471699,8.981132075471699,8.981132075471699,48.276729559748425,48.276729559748425,48.276729559748425,81.71698113207547,60.182389937106926,57.861635220125784,57.861635220125784,74.10691823899371,74.10691823899371,74.10691823899371,55.40251572327045,234.71069182389934,89.37735849056604,86.60377358490565,86.60377358490565,86.60377358490565,86.60377358490565,108.21383647798741,108.21383647798741,108.21383647798741,37.289308176100626,87.45283018867924,79.30188679245283,39.64150943396226
week 21,110.37735849056604,675.5408805031446,214.51572327044025,1124.8364779874214,826.9685534591194,110.37735849056604,358.85534591194966,94.51572327044026,391.9622641509434,1176.5157232704403,250.31446540880503,126.9182389937107,94.51572327044026,356.75471698113205,132.03144654088052,33.77358490566038,95.11320754716981,155.7987421383648,155.7987421383648,155.7987421383648,185.15723270440253,107.29559748427674,124.89308176100629,362.38993710691824,36.528301886792455,36.528301886792455,77.86163522012579,428.87421383647796,305.92452830188677,156.0251572327044,63.64779874213837,50.660377358490564,247.48427672955975,134.42767295597483,193.42767295597483,61.71069182389937,10.647798742138365,10.647798742138365,10.647798742138365,10.647798742138365,10.647798742138365,37.276729559748425,37.276729559748425,37.276729559748425,90.71698113207547,59.182389937106926,51.861635220125784,51.861635220125784,78.10691823899371,78.10691823899371,78.10691823899371,32.40251572327044,223.37735849056602,92.37735849056604,72.60377358490565,72.60377358490565,72.60377358490565,72.60377358490565,103.54716981132076,103.54716981132076,103.54716981132076,23.955974842767294,79.45283018867924,67.96855345911949,33.64150943396226
week 22,100.0440251572327,639.2075471698113,203.51572327044025,1085.8364779874214,807.9685534591194,100.0440251572327,340.52201257861634,94.18238993710692,365.9622641509434,1162.1823899371068,240.9811320754717,132.58490566037736,94.18238993710692,340.42138364779873,119.69811320754718,40.44025157232704,108.44654088050315,146.7987421383648,146.7987421383648,146.7987421383648,171.8238993710692,81.62893081761007,119.22641509433963,321.72327044025155,39.861635220125784,39.861635220125784,90.1949685534591,442.87421383647796,283.92452830188677,142.6918238993711,58.314465408805034,54.32704402515723,238.8176100628931,145.42767295597483,198.0943396226415,83.71069182389937,6.981132075471699,6.981132075471699,6.981132075471699,6.981132075471699,6.981132075471699,48.943396226415096,48.943396226415096,48.943396226415096,88.0503144654088,53.182389937106926,60.19496855345912,60.19496855345912,66.77358490566037,66.77358490566037,66.77358490566037,38.40251572327044,210.04402515723268,84.37735849056604,85.60377358490565,85.60377358490565,85.60377358490565,85.60377358490565,93.21383647798741,93.21383647798741,93.21383647798741,32.62264150943396,88.11949685534591,66.96855345911949,35.64150943396226
week 23,97.0440251572327,671.8742138364779,203.1823899371069,1148.1698113207547,830.3018867924528,97.0440251572327,366.52201257861634,103.84905660377359,415.9622641509434,1218.5157232704403,267.9811320754717,146.25157232704404,103.84905660377359,367.4213836477987,144.69811320754718,41.10691823899371,101.77987421383648,164.13207547169813,164.13207547169813,164.13207547169813,190.8238993710692,105.29559748427674,108.89308176100629,338.05660377358487,31.861635220125788,31.861635220125788,85.52830188679245,428.87421383647796,306.59119496855345,157.0251572327044,68.31446540880503,53.9937106918239,257.4842767295598,148.0943396226415,204.76100628930817,67.0440251572327,10.314465408805033,10.314465408805033,10.314465408805033,10.314465408805033,10.314465408805033,36.943396226415096,36.943396226415096,36.943396226415096,90.0503144654088,59.515723270440255,50.528301886792455,50.528301886792455,76.77358490566037,76.77358490566037,76.77358490566037,42.40251572327044,239.71069182389934,88.71069182389937,73.60377358490565,73.60377358490565,73.60377358490565,73.60377358490565,99.54716981132076,99.54716981132076,99.54716981132076,29.28930817610063,87.11949685534591,77.63522012578616,36.9748427672956
week 24,87.0440251572327,652.2075471698113,194.1823899371069,1101.1698113207547,781.6352201257861,87.0440251572327,374.188679245283,99.18238993710692,364.62893081761007,1170.5157232704403,251.31446540880503,139.58490566037736,99.18238993710692,332.42138364779873,128.03144654088052,41.44025157232704,112.44654088050315,152.13207547169813,152.13207547169813,152.13207547169813,191.8238993710692,100.62893081761007,109.55974842767296,331.38993710691824,34.528301886792455,34.528301886792455,91.1949685534591,439.5408805031446,295.59119496855345,155.0251572327044,61.64779874213837,57.660377358490564,225.15094339622644,141.76100628930817,184.42767295597483,81.71069182389937,6.981132075471699,6.981132075471699,6.981132075471699,6.981132075471699,6.981132075471699,44.943396226415096,44.943396226415096,44.943396226415096,79.71698113207547,60.84905660377359,53.19496855345912,53.19496855345912,65.77358490566037,65.77358490566037,65.77358490566037,40.40251572327044,218.04402515723268,93.37735849056604,86.60377358490565,86.60377358490565,86.60377358490565,86.60377358490565,84.54716981132076,84.54716981132076,84.54716981132076,30.955974842767294,86.45283018867924,67.96855345911949,34.308176100628934
week 25,103.71069182389937,672.2075471698113,210.84905660377356,1143.5031446540881,839.3018867924528,103.71069182389937,341.188679245283,97.18238993710692,406.9622641509434,1201.8490566037735,246.9811320754717,144.9182389937107,97.18238993710692,371.4213836477987,129.03144654088052,37.77358490566038,111.44654088050315,149.7987421383648,149.7987421383648,149.7987421383648,191.8238993710692,99.62893081761007,119.89308176100629,340.05660377358487,31.19496855345912,31.19496855345912,92.1949685534591,442.2075471698113,304.59119496855345,160.35849056603774,65.9811320754717,55.32704402515723,249.48427672955975,157.42767295597483,209.0943396226415,75.0440251572327,9.314465408805033,9.314465408805033,9.314465408805033,9.314465408805033,9.314465408805033,42.61006289308176,42.61006289308176,42.61006289308176,91.38364779874213,52.84905660377359,53.19496855345912,53.19496855345912,65.10691823899371,65.10691823899371,65.10691823899371,47.735849056603776,256.0440251572327,94.37735849056604,71.60377358490565,71.60377358490565,71.60377358490565,71.60377358490565,95.54716981132076,95.54716981132076,95.54716981132076,34.289308176100626,94.45283018867924,88.96855345911949,43.9748427672956
week 26,98.71069182389937,714.5408805031446,208.84905660377356,1166.1698113207547,815.9685534591194,98.71069182389937,393.52201257861634,89.84905660377359,373.2955974842767,1185.8490566037735,256.314465408805,141.25157232704404,89.84905660377359,365.75471698113205,145.03144654088052,40.44025157232704,109.11320754716981,166.46540880503144,166.46540880503144,166.46540880503144,201.15723270440253,121.29559748427674,114.55974842767296,366.38993710691824,29.861635220125788,29.861635220125788,79.86163522012579,445.2075471698113,314.2578616352201,167.6918238993711,73.31446540880503,52.9937106918239,225.8176100628931,148.42767295597483,193.76100628930817,73.37735849056604,9.981132075471699,9.981132075471699,9.981132075471699,9.981132075471699,9.981132075471699,46.276729559748425,46.276729559748425,46.276729559748425,75.71698113207547,70.84905660377359,57.528301886792455,57.528301886792455,67.44025157232704,67.44025157232704,67.44025157232704,51.40251572327045,234.37735849056602,94.37735849056604,91.60377358490565,91.60377358490565,91.60377358490565,91.60377358490565,74.88050314465409,74.88050314465409,74.88050314465409,32.62264150943396,85.45283018867924,73.63522012578616,41.308176100628934
week 27,107.37735849056604,672.8742138364779,207.1823899371069,1140.8364779874214,832.3018867924528,107.37735849056604,347.188679245283,93.51572327044026,393.62893081761007,1207.1823899371068,235.64779874213835,136.58490566037736,93.51572327044026,365.4213836477987,133.69811320754718,36.77358490566038,105.77987421383648,142.13207547169813,142.13207547169813,142.13207547169813,189.49056603773587,105.62893081761007,125.55974842767296,367.38993710691824,36.19496855345912,36.19496855345912,83.86163522012579,468.2075471698113,310.2578616352201,160.0251572327044,67.64779874213836,48.660377358490564,244.8176100628931,161.0943396226415,221.0943396226415,84.37735849056604,9.314465408805033,9.314465408805033,9.314465408805033,9.314465408805033,9.314465408805033,37.943396226415096,37.943396226415096,37.943396226415096,89.71698113207547,60.515723270440255,59.528301886792455,59.528301886792455,73.44025157232704,73.44025157232704,73.44025157232704,43.06918238993711,241.37735849056602,92.37735849056604,77.60377358490565,77.60377358490565,77.60377358490565,77.60377358490565,103.21383647798741,103.21383647798741,103.21383647798741,34.62264150943396,90.45283018867924,77.96855345911949,40.308176100628934
week 28,109.37735849056604,744.8742138364779,228.84905660377356,1174.1698113207547,844.9685534591194,109.37735849056604,381.85534591194966,90.18238993710692,374.2955974842767,1178.8490566037735,267.314465408805,130.9182389937107,90.18238993710692,374.08805031446536,144.69811320754718,40.44025157232704,93.11320754716981,177.13207547169813,177.13207547169813,177.13207547169813,199.8238993710692,121.9622641509434,126.55974842767296,373.72327044025155,33.861635220125784,33.861635220125784,77.86163522012579,431.5408805031446,307.2578616352201,172.6918238993711,73.9811320754717,56.9937106918239,218.8176100628931,144.42767295597483,192.76100628930817,63.71069182389937,10.314465408805033,10.314465408805033,10.314465408805033,10.314465408805033,10.314465408805033,51.276729559748425,51.276729559748425,51.276729559748425,62.71698113207547,71.84905660377359,54.19496855345912,54.19496855345912,66.44025157232704,66.44025157232704,66.44025157232704,40.735849056603776,237.37735849056602,98.71069182389937,91.60377358490565,91.60377358490565,91.60377358490565,91.60377358490565,81.88050314465409,81.88050314465409,81.88050314465409,32.289308176100626,94.11949685534591,73.96855345911949,48.308176100628934
week 29,94.71069182389937,658.2075471698113,188.1823899371069,1095.1698113207547,801.9685534591194,94.71069182389937,356.85534591194966,93.84905660377359,385.2955974842767,1167.1823899371068,240.64779874213835,135.25157232704404,93.84905660377359,353.4213836477987,142.03144654088052,37.44025157232704,98.44654088050315,146.7987421383648,146.7987421383648,146.7987421383648,194.15723270440253,110.9622641509434,128.8930817610063,371.38993710691824,38.19496855345912,38.19496855345912,83.19496855345912,456.87421383647796,281.59119496855345,149.6918238993711,59.314465408805034,53.9937106918239,224.15094339622644,162.42767295597483,208.0943396226415,82.71069182389937,9.314465408805033,9.314465408805033,9.314465408805033,9.314465408805033,9.314465408805033,30.61006289308176,30.61006289308176,30.61006289308176,72.0503144654088,59.84905660377359,54.861635220125784,54.861635220125784,68.44025157232704,68.44025157232704,68.44025157232704,41.40251572327044,232.37735849056602,90.37735849056604,83.60377358490565,83.60377358490565,83.60377358490565,83.60377358490565,96.88050314465409,96.88050314465409,96.88050314465409,29.62264150943396,82.11949685534591,67.63522012578616,34.9748427672956
week 30,105.37735849056604,690.5408805031446,218.1823899371069,1100.5031446540881,811.9685534591194,105.37735849056604,373.85534591194966,111.18238993710692,386.9622641509434,1168.5157232704403,267.9811320754717,142.9182389937107,111.18238993710692,348.4213836477987,122.36477987421385,37.77358490566038,98.77987421383648,156.7987421383648,156.7987421383648,156.7987421383648,192.49056603773587,110.29559748427674,125.22641509433963,349.38993710691824,37.19496855345912,37.19496855345912,82.19496855345912,430.5408805031446,275.92452830188677,152.6918238993711,60.64779874213837,60.660377358490564,218.48427672955975,132.76100628930817,183.0943396226415,61.71069182389937,7.981132075471699,7.981132075471699,7.981132075471699,7.981132075471699,7.981132075471699,51.61006289308176,51.61006289308176,51.61006289308176,66.38364779874213,56.84905660377359,48.19496855345912,48.19496855345912,65.77358490566037,65.77358490566037,65.77358490566037,31.735849056603772,222.71069182389934,92.0440251572327,89.60377358490565,89.60377358490565,89.60377358490565,89.60377358490565,91.88050314465409,91.88050314465409,91.88050314465409,32.289308176100626,92.45283018867924,70.63522012578616,43.308176100628934
week 31,82.0440251572327,665.5408805031446,180.51572327044025,1109.5031446540881,819.6352201257861,82.0440251572327,373.85534591194966,101.18238993710692,390.9622641509434,1185.5157232704403,255.31446540880503,141.25157232704404,101.18238993710692,362.75471698113205,135.03144654088052,39.10691823899371,110.77987421383648,154.13207547169813,154.13207547169813,154.13207547169813,200.49056603773587,107.62893081761007,133.8930817610063,375.05660377358487,34.861635220125784,34.861635220125784,92.86163522012578,453.5408805031446,295.2578616352201,152.35849056603774,58.64779874213837,59.660377358490564,243.48427672955975,157.0943396226415,202.42767295597483,81.37735849056604,6.647798742138366,6.647798742138366,6.647798742138366,6.647798742138366,6.647798742138366,30.943396226415093,30.943396226415093,30.943396226415093,87.71698113207547,55.182389937106926,51.861635220125784,51.861635220125784,69.10691823899371,69.10691823899371,69.10691823899371,40.069182389937104,239.71069182389934,93.71069182389937,75.60377358490565,75.60377358490565,75.60377358490565,75.60377358490565,95.54716981132076,95.54716981132076,95.54716981132076,33.62264150943396,84.45283018867924,71.63522012578616,34.9748427672956
week 32,96.71069182389937,635.2075471698113,203.1823899371069,1060.8364779874214,793.6352201257861,96.71069182389937,358.52201257861634,114.84905660377359,406.9622641509434,1163.8490566037735,257.9811320754717,156.25157232704404,114.84905660377359,356.75471698113205,115.36477987421385,32.77358490566038,109.77987421383648,143.13207547169813,143.13207547169813,143.13207547169813,177.15723270440253,92.9622641509434,124.89308176100629,354.05660377358487,39.19496855345912,39.19496855345912,84.19496855345912,439.5408805031446,281.2578616352201,145.35849056603774,59.64779874213837,59.9937106918239,232.15094339622644,130.0943396226415,189.42767295597483,62.0440251572327,7.647798742138366,7.647798742138366,7.647798742138366,7.647798742138366,7.647798742138366,43.61006289308176,43.61006289308176,43.61006289308176,84.38364779874213,51.515723270440255,56.861635220125784,56.861635220125784,62.10691823899371,62.10691823899371,62.10691823899371,41.40251572327044,220.37735849056602,85.71069182389937,76.60377358490565,76.60377358490565,76.60377358490565,76.60377358490565,87.88050314465409,87.88050314465409,87.88050314465409,28.62264150943396,81.11949685534591,74.96855345911949,36.9748427672956
week 33,90.0440251572327,651.5408805031446,194.1823899371069,1115.1698113207547,815.3018867924528,90.0440251572327,360.52201257861634,99.51572327044026,386.9622641509434,1199.8490566037735,248.64779874213835,130.58490566037736,99.51572327044026,356.75471698113205,134.03144654088052,40.44025157232704,113.44654088050315,149.13207547169813,149.13207547169813,149.13207547169813,187.8238993710692,96.29559748427674,117.89308176100629,365.05660377358487,29.528301886792452,29.528301886792452,91.52830188679245,455.87421383647796,302.92452830188677,149.6918238993711,59.314465408805034,53.32704402515723,253.15094339622644,149.0943396226415,210.0943396226415,82.0440251572327,8.647798742138365,8.647798742138365,8.647798742138365,8.647798742138365,8.647798742138365,35.276729559748425,35.276729559748425,35.276729559748425,91.38364779874213,61.84905660377359,51.19496855345912,51.19496855345912,81.44025157232704,81.44025157232704,81.44025157232704,31.069182389937108,233.71069182389934,90.37735849056604,84.60377358490565,84.60377358490565,84.60377358490565,84.60377358490565,95.54716981132076,95.54716981132076,95.54716981132076,38.289308176100626,90.78616352201259,73.30188679245283,35.308176100628934
week 34,97.37735849056604,641.8742138364779,200.84905660377356,1048.1698113207547,778.9685534591194,97.37735849056604,357.52201257861634,97.18238993710692,395.9622641509434,1113.8490566037735,237.9811320754717,135.25157232704404,97.18238993710692,363.4213836477987,123.69811320754718,38.77358490566038,97.77987421383648,140.7987421383648,140.7987421383648,140.7987421383648,180.49056603773587,99.62893081761007,114.55974842767296,349.38993710691824,34.528301886792455,34.528301886792455,80.86163522012579,433.2075471698113,281.2578616352201,153.6918238993711,71.9811320754717,55.32704402515723,226.48427672955975,134.42767295597483,202.76100628930817,65.0440251572327,8.647798742138365,8.647798742138365,8.647798742138365,8.647798742138365,8.647798742138365,31.27672955974843,31.27672955974843,31.27672955974843,77.38364779874213,50.182389937106926,57.19496855345912,57.19496855345912,63.10691823899371,63.10691823899371,63.10691823899371,38.069182389937104,209.37735849056602,81.71069182389937,65.60377358490565,65.60377358490565,65.60377358490565,65.60377358490565,93.88050314465409,93.88050314465409,93.88050314465409,22.62264150943396,73.78616352201259,70.30188679245283,34.64150943396226
week 35,103.0440251572327,660.8742138364779,207.84905660377356,1118.1698113207547,806.3018867924528,103.0440251572327,340.85534591194966,89.51572327044026,369.2955974842767,1167.8490566037735,241.31446540880503,124.25157232704403,89.51572327044026,349.75471698113205,127.36477987421385,35.10691823899371,110.11320754716981,151.7987421383648,151.7987421383648,151.7987421383648,195.49056603773587,100.62893081761007,123.55974842767296,361.38993710691824,33.528301886792455,33.528301886792455,94.86163522012578,457.5408805031446,299.92452830188677,148.6918238993711,60.314465408805034,45.9937106918239,241.8176100628931,152.42767295597483,207.0943396226415,84.37735849056604,10.647798742138365,10.647798742138365,10.647798742138365,10.647798742138365,10.647798742138365,33.61006289308176,33.61006289308176,33.61006289308176,89.38364779874213,61.84905660377359,55.19496855345912,55.19496855345912,74.44025157232704,74.44025157232704,74.44025157232704,34.735849056603776,233.71069182389934,88.37735849056604,89.60377358490565,89.60377358490565,89.60377358490565,89.60377358490565,90.54716981132076,90.54716981132076,90.54716981132076,35.289308176100626,87.11949685534591,79.63522012578616,37.64150943396226
week 36,104.0440251572327,680.5408805031446,208.1823899371069,1063.5031446540881,779.6352201257861,104.0440251572327,389.188679245283,89.51572327044026,391.2955974842767,1096.8490566037735,235.31446540880503,120.58490566037737,89.51572327044026,347.4213836477987,125.36477987421385,39.44025157232704,105.11320754716981,145.7987421383648,145.7987421383648,145.7987421383648,203.49056603773587,117.62893081761007,111.22641509433963,348.38993710691824,32.19496855345912,32.19496855345912,85.86163522012578,451.87421383647796,255.59119496855342,141.0251572327044,64.9811320754717,55.32704402515723,212.15094339622644,139.0943396226415,198.0943396226415,63.71069182389937,11.314465408805033,11.314465408805033,11.314465408805033,11.314465408805033,11.314465408805033,35.943396226415096,35.943396226415096,35.943396226415096,63.38364779874214,51.182389937106926,59.861635220125784,59.861635220125784,65.10691823899371,65.10691823899371,65.10691823899371,31.069182389937108,203.71069182389934,76.0440251572327,78.60377358490565,78.60377358490565,78.60377358490565,78.60377358490565,97.21383647798741,97.21383647798741,97.21383647798741,24.62264150943396,76.78616352201259,68.30188679245283,40.64150943396226
week 37,93.37735849056604,604.5408805031446,179.84905660377356,1019.1698113207548,751.6352201257861,93.37735849056604,326.188679245283,85.18238993710692,338.62893081761007,1052.8490566037735,219.64779874213835,123.58490566037737,85.18238993710692,317.75471698113205,118.69811320754718,35.44025157232704,95.44654088050315,134.46540880503144,134.46540880503144,134.46540880503144,188.8238993710692,97.29559748427674,110.89308176100629,313.38993710691824,29.861635220125788,29.861635220125788,91.52830188679245,413.2075471698113,271.2578616352201,132.35849056603774,58.9811320754717,52.9937106918239,233.48427672955975,141.76100628930817,184.0943396226415,73.0440251572327,6.647798742138366,6.647798742138366,6.647798742138366,6.647798742138366,6.647798742138366,33.943396226415096,33.943396226415096,33.943396226415096,89.71698113207547,49.182389937106926,53.861635220125784,53.861635220125784,60.77358490566038,60.77358490566038,60.77358490566038,38.40251572327044,205.71069182389934,73.37735849056604,69.60377358490565,69.60377358490565,69.60377358490565,69.60377358490565,84.54716981132076,84.54716981132076,84.54716981132076,29.62264150943396,72.11949685534591,68.63522012578616,34.64150943396226
week 38,113.71069182389937,739.2075471698113,225.51572327044025,1167.1698113207547,852.3018867924528,113.71069182389937,408.85534591194966,96.18238993710692,386.2955974842767,1184.1823899371068,260.6477987421384,134.25157232704404,96.18238993710692,369.75471698113205,131.03144654088052,42.10691823899371,117.11320754716981,164.46540880503144,164.46540880503144,164.46540880503144,211.49056603773587,122.9622641509434,131.55974842767296,377.05660377358487,34.528301886792455,34.528301886792455,88.52830188679245,477.2075471698113,271.59119496855345,144.6918238993711,59.64779874213837,59.9937106918239,231.15094339622644,156.76100628930817,206.76100628930817,85.37735849056604,12.981132075471699,12.981132075471699,12.981132075471699,12.981132075471699,12.981132075471699,42.61006289308176,42.61006289308176,42.61006289308176,68.71698113207547,58.182389937106926,64.19496855345912,64.19496855345912,72.44025157232704,72.44025157232704,72.44025157232704,38.069182389937104,225.71069182389934,85.0440251572327,86.60377358490565,86.60377358490565,86.60377358490565,86.60377358490565,98.88050314465409,98.88050314465409,98.88050314465409,35.289308176100626,91.45283018867924,74.63522012578616,40.64150943396226
week 39,80.37735849056604,549.8742138364779,159.51572327044025,929.1698113207548,690.3018867924528,80.37735849056604,297.188679245283,74.84905660377359,312.62893081761007,984.8490566037735,207.9811320754717,113.9182389937107,74.84905660377359,285.75471698113205,110.36477987421385,29.773584905660375,91.11320754716981,133.13207547169813,133.13207547169813,133.13207547169813,161.8238993710692,83.9622641509434,92.89308176100629,289.72327044025155,28.19496855345912,28.19496855345912,77.86163522012579,397.2075471698113,238.92452830188677,116.02515723270442,52.9811320754717,55.32704402515723,212.8176100628931,125.42767295597484,161.76100628930817,57.37735849056603,5.647798742138366,5.647798742138366,5.647798742138366,5.647798742138366,5.647798742138366,34.943396226415096,34.943396226415096,34.943396226415096,79.0503144654088,43.84905660377359,52.528301886792455,52.528301886792455,54.10691823899371,54.10691823899371,54.10691823899371,39.069182389937104,189.37735849056602,63.0440251572327,60.60377358490566,60.60377358490566,60.60377358490566,60.60377358490566,91.21383647798741,91.21383647798741,91.21383647798741,33.289308176100626,72.11949685534591,56.30188679245283,31.30817610062893
week 40,107.71069182389937,732.8742138364779,218.1823899371069,1174.1698113207547,847.3018867924528,107.71069182389937,384.188679245283,85.84905660377359,369.9622641509434,1192.5157232704403,246.64779874213835,131.9182389937107,85.84905660377359,380.4213836477987,133.69811320754718,41.44025157232704,109.77987421383648,160.7987421383648,160.7987421383648,160.7987421383648,211.15723270440253,123.9622641509434,133.55974842767296,374.38993710691824,34.861635220125784,34.861635220125784,87.1949685534591,481.87421383647796,280.59119496855345,151.0251572327044,63.9811320754717,61.32704402515723,241.8176100628931,152.76100628930817,201.76100628930817,86.37735849056604,11.647798742138365,11.647798742138365,11.647798742138365,11.647798742138365,11.647798742138365,38.943396226415096,38.943396226415096,38.943396226415096,72.0503144654088,57.515723270440255,67.52830188679245,67.52830188679245,76.77358490566037,76.77358490566037,76.77358490566037,46.06918238993711,225.71069182389934,87.0440251572327,85.60377358490565,85.60377358490565,85.60377358490565,85.60377358490565,95.88050314465409,95.88050314465409,95.88050314465409,37.289308176100626,98.78616352201259,66.63522012578616,31.641509433962266
week 41,78.71069182389937,606.5408805031446,180.84905660377356,1022.8364779874214,735.3018867924528,78.71069182389937,307.52201257861634,76.18238993710692,324.62893081761007,1098.1823899371068,222.64779874213835,116.58490566037737,76.18238993710692,318.75471698113205,119.36477987421385,28.773584905660375,103.11320754716981,146.46540880503144,146.46540880503144,146.46540880503144,161.49056603773585,90.29559748427674,106.89308176100629,336.05660377358487,29.19496855345912,29.19496855345912,71.19496855345912,431.2075471698113,277.59119496855345,136.0251572327044,55.9811320754717,52.660377358490564,224.48427672955975,131.76100628930817,168.0943396226415,63.71069182389937,6.981132075471699,6.981132075471699,6.981132075471699,6.981132075471699,6.981132075471699,38.61006289308176,38.61006289308176,38.61006289308176,84.38364779874213,57.182389937106926,54.861635220125784,54.861635220125784,63.10691823899371,63.10691823899371,63.10691823899371,40.40251572327044,216.71069182389934,80.0440251572327,69.60377358490565,69.60377358490565,69.60377358490565,69.60377358490565,107.88050314465409,107.88050314465409,107.88050314465409,43.28930817610063,94.11949685534591,59.9685534591195,34.64150943396226
week 42,81.71069182389937,632.5408805031446,177.84905660377356,1057.8364779874214,735.3018867924528,81.71069182389937,355.52201257861634,78.84905660377359,332.9622641509434,1088.1823899371068,225.9811320754717,118.58490566037737,78.84905660377359,323.42138364779873,136.69811320754718,33.77358490566038,95.77987421383648,147.13207547169813,147.13207547169813,147.13207547169813,202.49056603773587,116.62893081761007,119.55974842767296,352.38993710691824,36.528301886792455,36.528301886792455,85.86163522012578,453.87421383647796,256.92452830188677,128.6918238993711,52.314465408805034,60.660377358490564,222.8176100628931,135.76100628930817,171.0943396226415,72.37735849056604,7.981132075471699,7.981132075471699,7.981132075471699,7.981132075471699,7.981132075471699,37.61006289308176,37.61006289308176,37.61006289308176,60.71698113207547,67.51572327044026,66.52830188679245,66.52830188679245,73.44025157232704,73.44025157232704,73.44025157232704,39.735849056603776,197.71069182389934,76.37735849056604,79.60377358490565,79.60377358490565,79.60377358490565,79.60377358490565,96.21383647798741,96.21383647798741,96.21383647798741,27.955974842767294,80.11949685534591,57.9685534591195,27.9748427672956
week 43,93.0440251572327,669.2075471698113,189.51572327044025,1120.8364779874214,827.6352201257861,93.0440251572327,349.52201257861634,85.18238993710692,352.9622641509434,1157.1823899371068,247.64779874213835,120.58490566037737,85.18238993710692,333.75471698113205,135.69811320754718,40.44025157232704,103.77987421383648,162.46540880503144,162.46540880503144,162.46540880503144,173.8238993710692,100.29559748427674,117.55974842767296,357.05660377358487,28.19496855345912,28.19496855345912,73.52830188679245,418.87421383647796,297.2578616352201,147.6918238993711,58.64779874213837,58.660377358490564,242.8176100628931,159.0943396226415,201.0943396226415,82.37735849056604,7.647798742138366,7.647798742138366,7.647798742138366,7.647798742138366,7.647798742138366,43.276729559748425,43.276729559748425,43.276729559748425,84.38364779874213,65.18238993710692,49.861635220125784,49.861635220125784,74.77358490566037,74.77358490566037,74.77358490566037,35.40251572327044,229.04402515723268,89.0440251572327,67.60377358490565,67.60377358490565,67.60377358490565,67.60377358490565,94.88050314465409,94.88050314465409,94.88050314465409,34.62264150943396,84.45283018867924,75.30188679245283,46.64150943396226
week 44,85.71069182389937,632.2075471698113,175.51572327044025,1052.5031446540881,756.6352201257861,85.71069182389937,362.188679245283,87.51572327044026,341.2955974842767,1079.5157232704403,241.64779874213835,121.58490566037737,87.51572327044026,310.42138364779873,144.36477987421384,42.44025157232704,95.11320754716981,154.13207547169813,154.13207547169813,154.13207547169813,185.15723270440253,99.62893081761007,115.22641509433963,345.05660377358487,36.861635220125784,36.861635220125784,85.52830188679245,429.2075471698113,286.2578616352201,135.0251572327044,59.314465408805034,50.9937106918239,223.15094339622644,136.0943396226415,172.42767295597483,67.37735849056604,7.314465408805032,7.314465408805032,7.314465408805032,7.314465408805032,7.314465408805032,41.61006289308176,41.61006289308176,41.61006289308176,78.71698113207547,72.51572327044026,59.528301886792455,59.528301886792455,67.44025157232704,67.44025157232704,67.44025157232704,34.069182389937104,200.37735849056602,75.71069182389937,71.60377358490565,71.60377358490565,71.60377358490565,71.60377358490565,91.54716981132076,91.54716981132076,91.54716981132076,24.62264150943396,73.45283018867924,70.63522012578616,39.308176100628934
week 45,108.71069182389937,708.5408805031446,201.51572327044025,1160.8364779874214,871.9685534591194,108.71069182389937,377.52201257861634,84.51572327044026,376.9622641509434,1169.8490566037735,259.6477987421384,118.9182389937107,84.51572327044026,332.42138364779873,139.03144654088052,40.77358490566038,110.44654088050315,175.13207547169813,175.13207547169813,175.13207547169813,194.15723270440253,107.29559748427674,123.22641509433963,359.05660377358487,31.861635220125788,31.861635220125788,86.86163522012578,435.5408805031446,303.92452830188677,146.35849056603774,54.9811320754717,53.660377358490564,232.15094339622644,163.42767295597483,205.76100628930817,84.0440251572327,9.981132075471699,9.981132075471699,9.981132075471699,9.981132075471699,9.981132075471699,43.943396226415096,43.943396226415096,43.943396226415096,90.0503144654088,67.51572327044026,52.528301886792455,52.528301886792455,65.77358490566037,65.77358490566037,65.77358490566037,34.40251572327044,230.37735849056602,91.37735849056604,65.60377358490565,65.60377358490565,65.60377358490565,65.60377358490565,96.88050314465409,96.88050314465409,96.88050314465409,24.955974842767294,79.45283018867924,83.30188679245283,48.64150943396226
week 46,102.71069182389937,726.2075471698113,207.84905660377356,1204.1698113207547,884.9685534591194,102.71069182389937,384.85534591194966,98.84905660377359,405.2955974842767,1258.8490566037735,267.6477987421384,139.25157232704404,98.84905660377359,366.4213836477987,149.36477987421384,44.44025157232704,118.77987421383648,168.7987421383648,168.7987421383648,168.7987421383648,205.49056603773587,103.9622641509434,130.8930817610063,372.38993710691824,37.19496855345912,37.19496855345912,101.52830188679245,469.2075471698113,327.59119496855345,164.6918238993711,73.9811320754717,53.32704402515723,249.15094339622644,159.42767295597483,208.76100628930817,79.0440251572327,9.314465408805033,9.314465408805033,9.314465408805033,9.314465408805033,9.314465408805033,51.276729559748425,51.276729559748425,51.276729559748425,91.38364779874213,71.51572327044026,61.528301886792455,61.528301886792455,80.77358490566037,80.77358490566037,80.77358490566037,40.40251572327044,248.37735849056602,90.71069182389937,78.60377358490565,78.60377358490565,78.60377358490565,78.60377358490565,94.88050314465409,94.88050314465409,94.88050314465409,36.289308176100626,97.11949685534591,87.96855345911949,46.9748427672956
week 47,110.0440251572327,684.5408805031446,214.84905660377356,1122.5031446540881,818.9685534591194,110.0440251572327,362.188679245283,85.51572327044026,361.62893081761007,1155.1823899371068,237.31446540880503,121.9182389937107,85.51572327044026,328.0880503144654,124.36477987421385,38.10691823899371,116.11320754716981,151.7987421383648,151.7987421383648,151.7987421383648,205.8238993710692,108.62893081761007,115.55974842767296,338.05660377358487,32.528301886792455,32.528301886792455,97.1949685534591,450.2075471698113,299.59119496855345,143.6918238993711,55.314465408805034,56.32704402515723,232.8176100628931,136.76100628930817,175.42767295597483,72.71069182389937,9.314465408805033,9.314465408805033,9.314465408805033,9.314465408805033,9.314465408805033,41.276729559748425,41.276729559748425,41.276729559748425,96.71698113207547,59.182389937106926,51.19496855345912,51.19496855345912,59.77358490566038,59.77358490566038,59.77358490566038,36.40251572327044,219.04402515723268,88.37735849056604,64.60377358490565,64.60377358490565,64.60377358490565,64.60377358490565,110.21383647798741,110.21383647798741,110.21383647798741,28.955974842767294,88.11949685534591,74.63522012578616,36.9748427672956
week 48,97.37735849056604,727.8742138364779,207.51572327044025,1228.5031446540881,884.6352201257861,97.37735849056604,383.52201257861634,97.18238993710692,391.2955974842767,1283.1823899371068,277.314465408805,135.25157232704404,97.18238993710692,370.75471698113205,151.03144654088052,38.77358490566038,114.77987421383648,180.13207547169813,180.13207547169813,180.13207547169813,218.8238993710692,113.62893081761007,132.22641509433961,374.38993710691824,34.528301886792455,34.528301886792455,105.1949685534591,465.2075471698113,312.59119496855345,154.35849056603774,59.64779874213837,61.9937106918239,257.8176100628931,150.76100628930817,202.42767295597483,81.37735849056604,11.647798742138365,11.647798742138365,11.647798742138365,11.647798742138365,11.647798742138365,53.943396226415096,53.943396226415096,53.943396226415096,80.38364779874213,77.84905660377359,60.861635220125784,60.861635220125784,90.10691823899371,90.10691823899371,90.10691823899371,38.069182389937104,240.04402515723268,94.71069182389937,78.60377358490565,78.60377358490565,78.60377358490565,78.60377358490565,99.88050314465409,99.88050314465409,99.88050314465409,38.9559748427673,101.78616352201259,71.96855345911949,34.9748427672956
week 49,97.0440251572327,674.5408805031446,205.84905660377356,1107.8364779874214,795.9685534591194,97.0440251572327,371.188679245283,99.51572327044026,386.9622641509434,1149.1823899371068,241.9811320754717,134.58490566037736,99.51572327044026,340.75471698113205,129.03144654088052,40.44025157232704,118.44654088050315,142.46540880503144,142.46540880503144,142.46540880503144,204.15723270440253,114.62893081761007,111.55974842767296,348.72327044025155,31.19496855345912,31.19496855345912,89.52830188679245,426.87421383647796,284.2578616352201,144.0251572327044,60.314465408805034,55.9937106918239,235.48427672955975,149.42767295597483,192.76100628930817,73.71069182389937,9.981132075471699,9.981132075471699,9.981132075471699,9.981132075471699,9.981132075471699,35.943396226415096,35.943396226415096,35.943396226415096,84.38364779874213,55.84905660377359,50.19496855345912,50.19496855345912,71.44025157232704,71.44025157232704,71.44025157232704,35.069182389937104,236.37735849056602,83.71069182389937,59.60377358490566,59.60377358490566,59.60377358490566,59.60377358490566,95.21383647798741,95.21383647798741,95.21383647798741,40.289308176100626,97.78616352201259,79.63522012578616,42.9748427672956
week 50,93.0440251572327,653.5408805031446,187.51572327044025,1062.8364779874214,763.3018867924528,93.0440251572327,368.85534591194966,94.18238993710692,362.62893081761007,1083.5157232704403,246.64779874213835,122.9182389937107,94.18238993710692,321.42138364779873,128.03144654088052,35.77358490566038,100.11320754716981,152.46540880503144,152.46540880503144,152.46540880503144,207.8238993710692,112.29559748427674,116.89308176100629,330.72327044025155,34.528301886792455,34.528301886792455,95.52830188679245,402.5408805031446,273.59119496855345,135.35849056603774,49.9811320754717,47.9937106918239,222.48427672955975,129.76100628930817,182.0943396226415,61.0440251572327,8.981132075471699,8.981132075471699,8.981132075471699,8.981132075471699,8.981132075471699,40.61006289308176,40.61006289308176,40.61006289308176,73.71698113207547,64.51572327044026,46.861635220125784,46.861635220125784,75.10691823899371,75.10691823899371,75.10691823899371,28.735849056603772,213.37735849056602,85.37735849056604,63.60377358490566,63.60377358490566,63.60377358490566,63.60377358490566,87.54716981132076,87.54716981132076,87.54716981132076,33.62264150943396,86.78616352201259,66.63522012578616,40.9748427672956
week 51,83.0440251572327,610.2075471698113,187.51572327044025,997.1698113207548,711.6352201257861,83.0440251572327,329.85534591194966,89.18238993710692,357.9622641509434,1035.1823899371068,216.31446540880503,121.58490566037737,89.18238993710692,314.0880503144654,120.69811320754718,32.77358490566038,100.44654088050315,127.13207547169812,127.13207547169812,127.13207547169812,177.49056603773587,105.62893081761007,103.55974842767296,319.38993710691824,27.528301886792452,27.528301886792452,71.86163522012579,374.5408805031446,249.2578616352201,132.0251572327044,57.9811320754717,45.9937106918239,199.48427672955975,142.42767295597483,175.76100628930817,67.71069182389937,9.314465408805033,9.314465408805033,9.314465408805033,9.314465408805033,9.314465408805033,33.943396226415096,33.943396226415096,33.943396226415096,64.38364779874213,52.84905660377359,45.861635220125784,45.861635220125784,66.77358490566037,66.77358490566037,66.77358490566037,32.40251572327044,216.04402515723268,74.0440251572327,53.60377358490566,53.60377358490566,53.60377358490566,53.60377358490566,87.54716981132076,87.54716981132076,87.54716981132076,34.62264150943396,94.45283018867924,72.30188679245283,39.64150943396226
week 52,89.37735849056604,555.2075471698113,167.84905660377356,875.1698113207548,626.9685534591194,89.37735849056604,302.52201257861634,79.18238993710692,307.9622641509434,886.1823899371069,195.9811320754717,103.25157232704403,79.18238993710692,261.42138364779873,91.03144654088051,27.10691823899371,88.77987421383648,116.79874213836479,116.79874213836479,116.79874213836479,167.8238993710692,94.9622641509434,101.55974842767296,266.38993710691824,32.528301886792455,32.528301886792455,72.86163522012579,335.87421383647796,229.59119496855342,121.02515723270442,51.9811320754717,35.9937106918239,180.15094339622644,110.0943396226415,150.76100628930817,50.71069182389937,4.314465408805032,4.314465408805032,4.314465408805032,4.314465408805032,4.314465408805032,24.61006289308176,24.61006289308176,24.61006289308176,66.71698113207547,41.84905660377358,38.861635220125784,38.861635220125784,57.10691823899371,57.10691823899371,57.10691823899371,24.069182389937108,183.04402515723268,69.0440251572327,61.60377358490566,61.60377358490566,61.60377358490566,61.60377358490566,71.21383647798741,71.21383647798741,71.21383647798741,26.955974842767294,71.78616352201259,64.96855345911949,37.308176100628934
week 53,80.37735849056604,594.5408805031446,184.1823899371069,993.1698113207548,710.3018867924528,80.37735849056604,316.85534591194966,82.51572327044026,352.2955974842767,1059.5157232704403,209.64779874213835,111.9182389937107,82.51572327044026,326.0880503144654,132.36477987421384,38.44025157232704,99.11320754716981,127.13207547169812,127.13207547169812,127.13207547169812,170.1572327044025,95.29559748427674,107.89308176100629,325.05660377358487,29.528301886792452,29.528301886792452,74.86163522012579,398.87421383647796,251.92452830188677,124.02515723270442,48.64779874213837,45.9937106918239,212.15094339622644,129.0943396226415,171.76100628930817,65.71069182389937,8.314465408805033,8.314465408805033,8.314465408805033,8.314465408805033,8.314465408805033,34.943396226415096,34.943396226415096,34.943396226415096,67.38364779874213,60.515723270440255,48.861635220125784,48.861635220125784,70.77358490566037,70.77358490566037,70.77358490566037,29.40251572327044,201.37735849056602,75.37735849056604,63.60377358490566,63.60377358490566,63.60377358490566,63.60377358490566,102.21383647798741,102.21383647798741,102.21383647798741,29.28930817610063,89.78616352201259,63.30188679245283,29.9748427672956
